<ItemList>
	<items>
		<item>
			<name>English 6lb Cannon</name>
			<description>Cannons are used to fire at other pirate ships.</description>
			<icon>Cannon1Icon</icon>
			<weight>5</weight>
		</item>
		<item>
			<name>Swedish 6lb Cannon</name>
			<description>Cannons are used to fire at other pirate ships.</description>
			<icon>Cannon2Icon</icon>
			<weight>5</weight>
		</item>
		<item>
			<name>English 4lb Cannon</name>
			<description>Cannons are used to fire at other pirate ships.</description>
			<icon>Cannon3Icon</icon>
			<weight>5</weight>
		</item>
		<item>
			<name>Swedish 1lb Cannon</name>
			<description>Cannons are used to fire at other pirate ships.</description>
			<icon>Cannon4Icon</icon>
			<weight>5</weight>
		</item>
		<item>
			<name>English 1/2lb Cannon</name>
			<description>Cannons are used to fire at other pirate ships.</description>
			<icon>Cannon5Icon</icon>
			<weight>5</weight>
		</item>
		<item>
			<name>German Contract Naval Cutlass</name>
			<description>The cutlass was one of the most common pirate weapons during the Golden Age. The cutlass could not only be used as a weapon, but could also be used as an intimidation tactic and a tool, akin to a modern machete. This particular cutlass was frequently used by privateers, merchants, and especially pirates!</description>
			<icon>Cutlass1Icon</icon>
			<weight>5</weight>
		</item>
		<item>
			<name>British Hunting Cutlass</name>
			<description>The cutlass was one of the most common pirate weapons during the Golden Age. The cutlass could not only be used as a weapon, but could also be used as an intimidation tactic and a tool, akin to a modern machete.</description>
			<icon>Cutlass2Icon</icon>
			<weight>5</weight>
		</item>
		<item>
			<name>Flintlock Musket</name>
			<description>shoot</description>
			<icon>Musket1Icon</icon>
			<weight>5</weight>
			<damage>5</damage>
		</item>
		<item>
			<name>Grenade</name>
			<description>Grenades used during the Golden Age of Piracy were hollow iron spheres stuffed with a wooden fuse plug, through which a fuse, typically a slowmatch or paper fuse, was fed. The fuse was lit and then lobbed onto enemy ships to inflict damage!</description>
			<icon>GrenadeIcon</icon>
			<weight>5</weight>
			<damage>5</damage>
		</item>
	</items>
</ItemList>
