<ItemList>
	<items>
		<item>
			<name>English 6lb Cannon</name>
			<description>Cannons are used to fire at other pirate ships.</description>
			<icon>Cannon1Icon</icon>
			<weight>5</weight>
		</item>
		<item>
			<name>Swedish 6lb Cannon</name>
			<description>Cannons are used to fire at other pirate ships.</description>
			<icon>Cannon2Icon</icon>
			<weight>5</weight>
		</item>
		<item>
			<name>English 4lb Cannon</name>
			<description>Cannons are used to fire at other pirate ships.</description>
			<icon>Cannon3Icon</icon>
			<weight>5</weight>
		</item>
		<item>
			<name>Swedish 1lb Cannon</name>
			<description>Cannons are used to fire at other pirate ships.</description>
			<icon>Cannon4Icon</icon>
			<weight>5</weight>
		</item>
		<item>
			<name>English 1/2lb Cannon</name>
			<description>Cannons are used to fire at other pirate ships.</description>
			<icon>Cannon5Icon</icon>
			<weight>5</weight>
		</item>
		<item>
			<name>German Contract Naval Cutlass</name>
			<description>Cutlasses were used to cut bitches</description>
			<icon>Cutlass1Icon</icon>
			<weight>5</weight>
		</item>
		<item>
			<name>British Hunting Cutlass</name>
			<description>Cutlasses were used to cut bitches</description>
			<icon>Cutlass2Icon</icon>
			<weight>5</weight>
		</item>
		<item type="Weapon">
			<name>Flintlock Musket</name>
			<description>shoot</description>
			<icon>Musket1Icon</icon>
			<weight>5</weight>
			<damage>5</damage>
		</item>
	</items>
</ItemList>